{
  "matrix": [
    [
      -4077.6595709962976,
      -102.68184223259155,
      3963.556253552186
    ],
    [
      17.678639965780686,
      2559.5840670257535,
      -112.42976039498865
    ],
    [
      -0.024556375243488835,
      -0.016984461308187516,
      1.0
    ]
  ],
  "hits": [
    [
      0.9710802435874939,
      0.037217915058135986
    ],
    [
      0.030606970191001892,
      0.04371361434459686
    ],
    [
      0.021937623620033264,
      0.9655439257621765
    ],
    [
      0.9483909010887146,
      0.9382478594779968
    ]
  ]
}